CategoryName,FullName,UnitPrice,TotalPrice,OrderDate,Url
Пластиковая посуда,"Paclan Стакан пластиковый прозрачный
                                        Party Classic 200 мл 12шт",49.00,49.00,01/14/2023,https://mt.delivery/single?id=206609
Пластиковая посуда,"Paclan Party Classic Стакан пластиковый
                                        500 мл, 6 шт",65.00,65.00,01/14/2023,https://mt.delivery/single?id=216920
Овощи,Капуста,28.75,345.00,01/14/2023,https://mt.delivery/single?id=203891
Мясо птицы,Печень цыпленка-бройлера Благояр 900г,142.52,285.04,01/14/2023,https://mt.delivery/single?id=227613
Специи приправы,Перец черный молотый МакМай 40г,64.00,320.00,01/14/2023,https://mt.delivery/single?id=71077
Средства для мужского бритья,"Пена для бритья для нормальной кожи
                                        Gillette 200 мл",187.00,187.00,01/14/2023,https://mt.delivery/single?id=211504
Масло,"Масло сливочное ТМ Милкавита 82,5% 180г",174.15,696.60,01/14/2023,https://mt.delivery/single?id=213218
Масло,"Масло сливочное Золото Полесья 82,5%
                                        180г",189.44,757.76,01/14/2023,https://mt.delivery/single?id=198424
Крупы,"Крупа манная Крупиночка 0,9кг",41.00,164.00,01/14/2023,https://mt.delivery/single?id=230591
Крупы,Хлопья овсяные Крупиночка 450г,32.00,320.00,01/14/2023,https://mt.delivery/single?id=238977
Замороженные фрукты и фруктовые смеси,"Облепиха LiViAnTa, замороженная, 250г",172.00,688.00,01/14/2023,https://mt.delivery/single?id=239084
"Мёд, урбеч",Мёд Липовый Берестов А.С. 240г,236.05,472.10,01/14/2023,https://mt.delivery/single?id=198804
Крупы,"Крупа гречневая ядрица 900г ТМ
                                        Крупиночка",77.00,385.00,01/14/2023,https://mt.delivery/single?id=226264
Крупы,"Рис длиннозерный шлифованный 0,9кг ТМ
                                        Крупиночка",84.00,504.00,01/14/2023,https://mt.delivery/single?id=227750
Крупы,Крупа перловая Крупинка 800г,38.50,154.00,01/14/2023,https://mt.delivery/single?id=211178
Крупы,Горох колотый желтый Донель 800г,45.00,225.00,01/14/2023,https://mt.delivery/single?id=33078
Крупы,"Крупа пшено 0,9 кг ТМ Крупиночка",48.00,384.00,01/14/2023,https://mt.delivery/single?id=226276
Мясо птицы,"Тушка цыпленка-бройлера замороженная
                                        1,7кг ТМ Благояр",191.25,1950.75,01/14/2023,https://mt.delivery/single?id=204698
"Сахар,соль,сода",Сахар белый кристаллический 900г,80.80,323.20,01/14/2023,https://mt.delivery/single?id=230740
"Сахар,соль,сода","Соль пищевая выварочная йодированная
                                        экстра 1 кг",29.20,29.20,01/14/2023,https://mt.delivery/single?id=202426
Специи приправы,Имбирь Магия востока 10г,14.00,70.00,01/14/2023,https://mt.delivery/single?id=8494
Хлеб,"Хлеб ржаной ""Любительский""ТМ ""Урожай"",
                                        0,4кг., форм., уп.",27.50,55.00,01/14/2023,https://mt.delivery/single?id=225706
Кофе растворимый,"Кофе растворимый сублимированный JARDIN
                                        GUATEMALA ATITLAN 150 г",450.00,450.00,01/14/2023,https://mt.delivery/single?id=14736
Хозтовары,BIG City Скребок стальной 2 шт,121.00,242.00,01/14/2023,https://mt.delivery/single?id=238954
Чай рассыпной,Чай зеленый листовой Tess Lime 100 г,139.00,139.00,01/14/2023,https://mt.delivery/single?id=8325
Оливковое масло,Масло Extra Virgin оливковое Sofos 250мл,248.60,497.20,01/13/2023,https://mt.delivery/single?id=240915
Растительное масло,Масло Златожар рафинированное 5л,917.00,917.00,01/13/2023,https://mt.delivery/single?id=227411
Растительное масло,"Масло Кукурузн раф дез Кубаночка , 0,5 л",103.00,103.00,01/13/2023,https://mt.delivery/single?id=237486
Уксус бальзамический,Уксус Bocado 9% 900г,59.00,236.00,01/13/2023,https://mt.delivery/single?id=8829
Уксус бальзамический,Уксус Виноградный 6% 350г Стоевъ,52.30,52.30,01/13/2023,https://mt.delivery/single?id=237689
Овощи,Картофель белый,39.10,2346.00,01/13/2023,https://mt.delivery/single?id=227672
Овощи,Морковь,47.15,801.55,01/13/2023,https://mt.delivery/single?id=203684
Свинина,"Свиной окорок Мясная лига, цена за кг",350.00,371.70,01/13/2023,https://mt.delivery/single?id=16841
Крупы,Хлопья овсяные Крупиночка 450г,32.00,32.00,01/13/2023,https://mt.delivery/single?id=238977
Вода питьевая и минеральная,Вода ДонАква 5л негазированная,94.00,188.00,11/24/2022,https://mt.delivery/single?id=211976
Соленья,Салат Морская капуста ТМ Мир 250г,89.00,356.00,11/24/2022,https://mt.delivery/single?id=209288
Овощи,Редька Дайкон,68.00,215.15,11/24/2022,https://mt.delivery/single?id=234987
Овощи,Капуста,28.00,293.16,11/24/2022,https://mt.delivery/single?id=217122
Овощи,Лук репчатый (молодой),26.00,520.00,11/24/2022,https://mt.delivery/single?id=203685
Фрукты,Лимон,170.00,195.84,11/24/2022,https://mt.delivery/single?id=208760
Фрукты,Яблоко Семеренко,88.50,265.50,11/24/2022,https://mt.delivery/single?id=206680
Фрукты,Яблоко Чемпион,88.50,265.50,11/24/2022,https://mt.delivery/single?id=237158
"Порошки, жидкие средства для стирки","Гель для стирки Qualita для цветного
                                        белья 1л",150.00,150.00,11/24/2022,https://mt.delivery/single?id=78206
"Чистящие средства для полов, окон, посуды","Моющее средство для посуды МилаМ Витамин
                                        Е 5л",381.00,381.00,11/24/2022,https://mt.delivery/single?id=6651
Кофе растворимый,"Кофе натуральный растворимый
                                        сублимированный JACOBS MONARCH 220г",458.00,458.00,11/24/2022,https://mt.delivery/single?id=219321
Масло,"Масло сладко-сливочное несоленое ТМ
                                        Брест-Литовск 82,5% 180г",171.90,687.60,11/24/2022,https://mt.delivery/single?id=213124
Масло,"Масло сливочное несоленое ТМ Минская
                                        Марка 72,5% 180г",149.50,598.00,11/24/2022,https://mt.delivery/single?id=213247
Специи приправы,Черный перец молотый KOTANYI 20г,56.00,56.00,11/24/2022,https://mt.delivery/single?id=79178
Специи приправы,Кориандр целый KOTANYI 20г,54.00,54.00,11/24/2022,https://mt.delivery/single?id=79192
Специи приправы,Приправа Карри KOTANYI 27г,54.00,54.00,11/24/2022,https://mt.delivery/single?id=79217
Чай рассыпной,Чай зеленый листовой Tess Lime 100 г,139.00,139.00,11/24/2022,https://mt.delivery/single?id=8325
Чай рассыпной,Чай травяной листовой Tess Flame 90 г,139.00,139.00,11/24/2022,https://mt.delivery/single?id=8332
Хозтовары,"Фольга ТМ ""Бонус"" 5 м",95.00,95.00,11/24/2022,https://mt.delivery/single?id=32643
Замороженные фрукты и фруктовые смеси,"Облепиха LiViAnTa, замороженная, 250г",172.00,172.00,11/24/2022,https://mt.delivery/single?id=239084
Хозтовары,"Перчатки хозяйственные
                                        суперчувствительные Фрекен БОК Размер: L",131.00,131.00,11/24/2022,https://mt.delivery/single?id=32721
Хозтовары,"Фрекен БОК Пакеты-слайдеры для хранения
                                        и замораживания L 10шт",227.00,227.00,11/24/2022,https://mt.delivery/single?id=45374
"Замороженные овощи, овощные смеси и блюда","Шампиньоны резаные LiViAnTa, 400г",137.00,274.00,11/24/2022,https://mt.delivery/single?id=239094
"Замороженные овощи, овощные смеси и блюда",Вешенки ТМ Планета Витаминов 300 г,135.00,270.00,11/24/2022,https://mt.delivery/single?id=217383
Замороженные фрукты и фруктовые смеси,"Клюква Планета Витаминов, 300г",232.00,464.00,11/24/2022,https://mt.delivery/single?id=237098
"Макароны, паста, вермишель",Макароны Соломка ТМ Урожай 650г,48.50,194.00,11/24/2022,https://mt.delivery/single?id=212226
Уксус бальзамический,Уксус Bocado 9% 900г,50.00,50.00,11/24/2022,https://mt.delivery/single?id=8829
Овощи,Свекла,33.00,165.00,11/24/2022,https://mt.delivery/single?id=203877
Мясо птицы,"Тушка цыпленка-бройлера замороженная
                                        1,7кг ТМ Благояр",196.25,705.32,11/24/2022,https://mt.delivery/single?id=204698
Специи приправы,Черный перец молотый ORIENT 10г,34.00,34.00,11/24/2022,https://mt.delivery/single?id=79258
Яйцо,Яйцо С-1,7.10,426.00,11/06/2022,https://mt.delivery/single?id=20963
Чай рассыпной,Чай травяной листовой Tess Flame 90 г,139.00,139.00,11/06/2022,https://mt.delivery/single?id=8332
Чай рассыпной,"Чай черный Standard Ceylon ТМ London Tea
                                        Club 200г",152.00,152.00,11/06/2022,https://mt.delivery/single?id=191017
Чай рассыпной,"Чай зеленый листовой Принцесса ЯВА
                                        Традиционный 200 г",146.00,146.00,11/06/2022,https://mt.delivery/single?id=9609
Чай рассыпной,"Чай черный листовой Принцесса НУРИ
                                        Завтрак в Бенгалии 200 г",221.00,221.00,11/06/2022,https://mt.delivery/single?id=25176
Чай рассыпной,"Чай зеленый листовой Greenfield Flying
                                        Dragon 200 г",312.00,312.00,11/06/2022,https://mt.delivery/single?id=9553
Крупы,Горох целый ТМ Националь 900г,76.50,153.00,11/06/2022,https://mt.delivery/single?id=202175
Крупы,Хлопья овсяные Крупинка 400г,31.00,124.00,11/06/2022,https://mt.delivery/single?id=211197
Консервированные овощи,Фасоль натуральная МакМай 500г,69.00,207.00,11/06/2022,https://mt.delivery/single?id=25977
Сметана,Сметана Простоквашино 20% 180 г.,76.00,152.00,11/06/2022,https://mt.delivery/single?id=64273
Творог,"Творог ""ДОБРЫНЯ"" 9% 200г",97.00,97.00,11/06/2022,https://mt.delivery/single?id=219198
"Сахар,соль,сода",Сахар Крупинка 800г,85.00,425.00,11/06/2022,https://mt.delivery/single?id=211196
"Соусы, уксусы",Соус Такемура Соевый 215мл,69.00,69.00,11/06/2022,https://mt.delivery/single?id=227471
Соусы,"Паста томатная ""Домашняя"" 25% Bocado
                                        270г",44.50,356.00,11/06/2022,https://mt.delivery/single?id=70254
Сгущенное молоко,"Молокосодержащий продукт Сгущёнка с
                                        сахаром змж Bocado 370г",95.00,380.00,11/06/2022,https://mt.delivery/single?id=33232
Соусы,"Заправка для борща с перцем болгарским
                                        МакМай 250г",69.00,552.00,11/06/2022,https://mt.delivery/single?id=25993
"Мёд, урбеч","Мёд натуральный Подсолнух ст/б 0,250 л
                                        (350г)",113.00,226.00,11/06/2022,https://mt.delivery/single?id=224822
"Мёд, урбеч","Мёд натуральный Гречка ст/б 0,250 л
                                        (350г)",184.00,368.00,11/06/2022,https://mt.delivery/single?id=224823
Специи приправы,Базилик измельченный ORIENT 7г,29.00,116.00,11/06/2022,https://mt.delivery/single?id=79249
Специи приправы,Гвоздика молотая Мастер Дак 10г,19.00,76.00,11/06/2022,https://mt.delivery/single?id=8443
Специи приправы,перец красный молотый Capo di Gusto 25г,20.00,80.00,11/06/2022,https://mt.delivery/single?id=236624
Специи приправы,Куркума молотая МакМай 15г,15.00,105.00,11/06/2022,https://mt.delivery/single?id=159766
Специи приправы,"Паприка копченая красная молотая МакМай
                                        25г",28.00,112.00,11/06/2022,https://mt.delivery/single?id=71072
Специи приправы,хмели-сунели Spice Master 120г Дой-пак,33.00,33.00,11/06/2022,https://mt.delivery/single?id=236627
Орехи и сухофрукты,Компотная смесь 500г,103.00,206.00,11/06/2022,https://mt.delivery/single?id=208704
Свинина,"Свиной окорок Мясная лига, цена за кг",339.00,623.76,11/06/2022,https://mt.delivery/single?id=16841
Мясо птицы,"Тушка цыпленка-бройлера замороженная
                                        1,7кг ТМ Благояр",198.00,1435.50,11/06/2022,https://mt.delivery/single?id=204698
Рыба,"Селедочка бочковая слабосоленая ТМ
                                        Русское море 230г",125.00,250.00,11/06/2022,https://mt.delivery/single?id=205407
Рыба,Филе судака с/м 500г,475.00,3800.00,11/06/2022,https://mt.delivery/single?id=209159
Овощи,Картофель белый,33.00,660.00,11/06/2022,https://mt.delivery/single?id=227672
Овощи,Морковь,31.00,310.00,11/06/2022,https://mt.delivery/single?id=203684
Овощи,Тыква (гитара),30.00,290.55,11/06/2022,https://mt.delivery/single?id=235833
Фрукты,Яблоко Принц,62.00,186.00,11/06/2022,https://mt.delivery/single?id=239423
Хлеб,"Хлеб Бородинский новый «Енакиевский
                                        хлебозавод» 400 г",23.00,69.00,11/06/2022,https://mt.delivery/single?id=80872
Консервированные овощи,Фасоль белая натуральная Bocado 400г,76.00,76.00,11/06/2022,https://mt.delivery/single?id=8839
Творог,Творог Чабан 9% 180г,100.00,100.00,11/06/2022,https://mt.delivery/single?id=203433
Фрукты,Яблоко Гала,88.00,264.00,11/06/2022,https://mt.delivery/single?id=205161
"Замороженные овощи, овощные смеси и блюда","Шампиньоны резаные ТМ Vитамин Мираторг
                                        300г",167.00,167.00,10/01/2022,https://mt.delivery/single?id=217377
"Замороженные овощи, овощные смеси и блюда",Маслята ТМ Планета Витаминов 300г,170.00,170.00,10/01/2022,https://mt.delivery/single?id=217386
"Замороженные овощи, овощные смеси и блюда",Фасоль стручковая резаная 1000г /гоф10/,362.00,362.00,10/01/2022,https://mt.delivery/single?id=27422
"Замороженные овощи, овощные смеси и блюда",Цветная капуста 1кг,354.00,354.00,10/01/2022,https://mt.delivery/single?id=27423
Консервированные овощи,Огурчики маринованные Еко 680г,135.00,540.00,10/01/2022,https://mt.delivery/single?id=8643
Овощи,Морковь,37.00,185.00,10/01/2022,https://mt.delivery/single?id=203684
Овощи,Огурец колючка,62.00,128.34,10/01/2022,https://mt.delivery/single?id=209394
Овощи,Капуста,36.00,78.77,10/01/2022,https://mt.delivery/single?id=217122
Овощи,Лук красный,47.00,235.00,10/01/2022,https://mt.delivery/single?id=214954
Овощи,Капуста краснокачанная,50.00,207.40,10/01/2022,https://mt.delivery/single?id=225890
Для выпечки и запекания,корица молотая Capo di Gusto 25г,31.00,62.00,10/01/2022,https://mt.delivery/single?id=236611
Чай пакетированный,"Чай черный пакетированный ШАХ ГОЛД
                                        Вечерний 25 шт",61.00,61.00,10/01/2022,https://mt.delivery/single?id=15761
Чай пакетированный,"Чай пакетированный черный ШАХ Голд Лимон
                                        25 шт",61.00,61.00,10/01/2022,https://mt.delivery/single?id=14823
Чай рассыпной,"Чай зеленый листовой Riston Pure green
                                        100 г",109.00,109.00,10/01/2022,https://mt.delivery/single?id=9258
"Туалетная бумага, бумажные салфетки и
                                      полотенца","Бумажные полотенца 2-х слойные белые с
                                        рисунком кофе Best Clean 2 рулона",89.00,89.00,10/01/2022,https://mt.delivery/single?id=214791
Кофе растворимый,"Кофе растворимый сублимированый ТМ La
                                        Sora 200 г",198.00,198.00,10/01/2022,https://mt.delivery/single?id=213647
Крупы,Чечевица деликатесная ТМ ВоЛожка 800 г,182.00,364.00,10/01/2022,https://mt.delivery/single?id=218767
Крупы,"Крупа перловая Ячменная Ароматная
                                        Благополье ТМ ВоЛожка 800 г",51.00,204.00,10/01/2022,https://mt.delivery/single?id=218774
Крупы,Пшено янтарное ТМ ВоЛожка 800 г,69.00,276.00,10/01/2022,https://mt.delivery/single?id=218763
Крупы,Рис Басмати ТМ ВоЛожка 800 г,193.00,772.00,10/01/2022,https://mt.delivery/single?id=218764
Крупы,"Фасоль белая для гарниров и салатов ТМ
                                        Мистраль 450г",203.00,406.00,10/01/2022,https://mt.delivery/single?id=210507
Крупы,Фасоль зеленая ТМ Мистраль 450г,209.00,418.00,10/01/2022,https://mt.delivery/single?id=210508
"Печенье, вафли","Печенье Мария Балаковский кондитер
                                        весовое",176.00,176.00,10/01/2022,https://mt.delivery/single?id=9179
Оливковое масло,"Масло оливковое первого холодного отжима
                                        IBERICA Extra Virgin 500г",472.00,472.00,10/01/2022,https://mt.delivery/single?id=8611
Соусы,"Паста томатная концентрированная
                                        ""Домашняя"" МакМай 500г",99.85,99.85,10/01/2022,https://mt.delivery/single?id=26413
Соусы,"Горчица пищевая Крепкая ТМ ""Шеф Соус""
                                        п/п 0,110",20.00,20.00,10/01/2022,https://mt.delivery/single?id=69440
Соусы,Горчица МакМай Российская 110г,23.00,23.00,10/01/2022,https://mt.delivery/single?id=78084
Яйцо,Яйцо С-1,6.55,393.00,10/01/2022,https://mt.delivery/single?id=20963
Рыба,"Сельдь Ароматная филе По-царски
                                        Балтийский берег 400г",308.00,308.00,10/01/2022,https://mt.delivery/single?id=199119
Кефир,"Кефир ТМ Коровка из Кореновки 1,0% 900г",115.00,230.00,10/01/2022,https://mt.delivery/single?id=203341
Кефир,Кефир Тёлочка 450г 1 %,34.00,68.00,10/01/2022,https://mt.delivery/single?id=199065
Сметана,Сметана Коровка из Кореновки 20% 180г,78.00,312.00,10/01/2022,https://mt.delivery/single?id=203363
Гели для душа,"Гель -шампунь ""Жизненная сила"" ТМ
                                        ""Вестар"" 1000 мл",144.00,144.00,10/01/2022,https://mt.delivery/single?id=6104
"Мёд, урбеч",Мёд Цветочный Берестов А.С. 240г,196.00,196.00,10/01/2022,https://mt.delivery/single?id=198802
"Мёд, урбеч",Мёд Липовый Берестов А.С. 240г,225.00,225.00,10/01/2022,https://mt.delivery/single?id=198804
"Чизкейки, пироги","Сырный пирог Чизкейк кокос и миндаль ТМ
                                        Betty’s cake 100г",164.00,164.00,10/01/2022,https://mt.delivery/single?id=217403
"Чизкейки, пироги","Сырный пирог Чизкейк вишня и шоколад ТМ
                                        Betty’s cake 110г",164.00,164.00,10/01/2022,https://mt.delivery/single?id=217402
Творог,Творог Чабан 0% 450г,234.00,936.00,10/01/2022,https://mt.delivery/single?id=203428
Мясо птицы,"Филе индюшиное лоток Новоазовская
                                        птицефабрика, 1кг",413.00,1552.05,10/01/2022,https://mt.delivery/single?id=236249
Овощи,Перец горький,129.00,255.68,09/16/2022,https://mt.delivery/single?id=226428
Гели для душа,"Гель для душа ""Розовый пион"" ТМ ""Вестар""
                                        500 мл",86.00,86.00,09/16/2022,https://mt.delivery/single?id=6083
Растительное масло,Масло Златожар рафинированное 5л,950.00,950.00,09/16/2022,https://mt.delivery/single?id=227411
Мягкие сыры,"Сыр Фета Свежа ТМ Савушкин продукт 45%
                                        200г",166.00,498.00,09/16/2022,https://mt.delivery/single?id=213152
Специи приправы,"Кисель БАБУШКИН ХУТОРОК клюква брикет
                                        180г",42.00,420.00,09/16/2022,https://mt.delivery/single?id=227242
Твердые сыры,"Сыр Голландский особый ТМ Беловежские
                                        сыры 45% 200г",125.00,250.00,09/16/2022,https://mt.delivery/single?id=205291
Твердые сыры,"Сыр Гауда беловежская ТМ Беловежские
                                        сыры 50% 200г",148.00,296.00,09/16/2022,https://mt.delivery/single?id=205290
Твердые сыры,"Сыр Тильзитер ТМ Беловежские сыры 45%
                                        200г",148.00,296.00,09/16/2022,https://mt.delivery/single?id=205296
Овощи,Редька Дайкон,97.00,98.94,09/16/2022,https://mt.delivery/single?id=234987
Соленья,Салат Морская капуста ТМ Мир 250г,89.00,356.00,09/16/2022,https://mt.delivery/single?id=209288
Орехи и сухофрукты,Клюква 130г,212.00,212.00,09/16/2022,https://mt.delivery/single?id=208768
Рыба,"Филе сельди Матиас с приправами ТМ Санта
                                        Бремор 250г",159.00,159.00,09/16/2022,https://mt.delivery/single?id=205412
Соленья,Гриб черный по-корейски ТМ Мир 250г,75.00,300.00,09/16/2022,https://mt.delivery/single?id=209277
"Оливки, маслины",Маслины Bocado без косточки 270мл,73.00,365.00,09/16/2022,https://mt.delivery/single?id=76461
"Отбеливатели, пятновыводители","Средство хлорсодержащее ""Белизна Гель
                                        Морская Утенок"" 1л",130.00,130.00,09/16/2022,https://mt.delivery/single?id=212330
Мягкие сыры,"Сыр Фета Нежная Свежа ТМ Савушкин
                                        продукт 45% 200г",192.00,384.00,09/16/2022,https://mt.delivery/single?id=213153
Крупы,Гречка ТМ PROSTO 500г,126.00,504.00,09/07/2022,https://mt.delivery/single?id=202156
Специи приправы,Корица молотая KOTANYI 25г,54.00,54.00,09/07/2022,https://mt.delivery/single?id=79230
Чай пакетированный,"Чай черный пакетированный Riston Яблоко
                                        и корица 25 шт",88.00,88.00,09/07/2022,https://mt.delivery/single?id=20701
Чай пакетированный,Чай зеленый Exotic ТМ Riston 25 шт,88.00,88.00,09/07/2022,https://mt.delivery/single?id=52742
Овощи,Морковь,38.00,190.00,09/07/2022,https://mt.delivery/single?id=203684
"Сахар,соль,сода",Сахар белый кристаллический 900 гр,99.00,99.00,09/07/2022,https://mt.delivery/single?id=16061
Оливковое масло,"Масло оливковое первого холодного отжима
                                        IBERICA Extra Virgin 500г",457.84,457.84,09/07/2022,https://mt.delivery/single?id=8611
Масло,"Масло сливочное Крестьянское Коровка из
                                        Кореновки 72,5% 180г",185.00,1110.00,09/07/2022,https://mt.delivery/single?id=203349
Соусы,"Горчица""Французская зернистая""
                                        Главпродукт 175г",79.00,79.00,09/07/2022,https://mt.delivery/single?id=15853
Хлеб,"Хлеб Бородиновский ТМ ""Урожай"", 0,6кг.,
                                        форм., уп.",36.00,108.00,09/07/2022,https://mt.delivery/single?id=224723
Фарш,"Фарш куриный Натуральный замороженный
                                        500г",90.00,900.00,09/07/2022,https://mt.delivery/single?id=204702
Орехи и сухофрукты,Арахис 150г,71.00,426.00,09/07/2022,https://mt.delivery/single?id=208762
Хлеб,"Хлеб Бородинский новый «Енакиевский
                                        хлебозавод» 400 г",23.00,46.00,09/07/2022,https://mt.delivery/single?id=80872
Масло,"Масло сладкосливочное крестьянское ТМ
                                        Глечик 72,5% 180г",171.00,684.00,09/07/2022,https://mt.delivery/single?id=204447
Овощи,Капуста,32.00,165.06,08/30/2022,https://mt.delivery/single?id=217122
Специи приправы,Петрушка сушеная Мастер Дак 5г,5.00,20.00,08/30/2022,https://mt.delivery/single?id=8693
Овощи,Огурец колючка,65.00,335.14,08/30/2022,https://mt.delivery/single?id=209394
Овощи,Лук красный,54.00,270.00,08/30/2022,https://mt.delivery/single?id=214954
Мягкие сыры,"Сыр Брынза Свежа ТМ Савушкин продукт 45%
                                        200г",166.00,830.00,08/30/2022,https://mt.delivery/single?id=213151
"Оливки, маслины","Оливки с косточкой Maestro de Oliva 200
                                        гр",57.00,285.00,08/30/2022,https://mt.delivery/single?id=27580
Мясо птицы,"Тушка цыпленка-бройлера потрошеная 1С
                                        (Халяль)",190.00,1066.28,08/30/2022,https://mt.delivery/single?id=213665
Яйцо,Яйцо С-1,5.55,333.00,08/30/2022,https://mt.delivery/single?id=20963
Хлеб,"Хлеб Бородинский новый «Енакиевский
                                        хлебозавод» 400 г",23.00,23.00,08/30/2022,https://mt.delivery/single?id=80872
Фрукты,Яблоко Голден (55-65 рр),106.00,212.00,08/30/2022,https://mt.delivery/single?id=203687
Фрукты,Апельсин,115.00,243.91,08/30/2022,https://mt.delivery/single?id=203890
Овощи,Помидор Розовый,76.00,399.15,08/30/2022,https://mt.delivery/single?id=218797
"Туалетная бумага, бумажные салфетки и
                                      полотенца","Туалетная бумага белая Классик
                                        двухслойная 17,5м ТМ Veiro 4 рулона",73.00,292.00,08/30/2022,https://mt.delivery/single?id=212151
Овощи,Свекла,28.00,140.00,08/30/2022,https://mt.delivery/single?id=203877
Молоко,"Молоко ТМ Добрыня пастеризованое 2,5%
                                        900г",63.00,252.00,08/30/2022,https://mt.delivery/single?id=204435
Хлеб,"Хлеб Бородинский новый «Енакиевский
                                        хлебозавод» 600 г",33.00,33.00,08/30/2022,https://mt.delivery/single?id=80873
Хлеб,"Хлеб Дарницкий ТМ ""Урожай"", 0,65кг.,
                                        под. кругл., уп.",33.00,33.00,08/30/2022,https://mt.delivery/single?id=224725
Хлеб,"Хлеб Ржаной с отрубями ТМ ""Урожай"",
                                        0,65кг., под.кругл., уп.",35.00,70.00,08/30/2022,https://mt.delivery/single?id=229334
Хлеб,"Хлеб Европейский белый «Енакиевский
                                        хлебозавод» 600 г",33.00,99.00,08/30/2022,https://mt.delivery/single?id=80876
Фрукты,Лимон,168.00,101.81,08/26/2022,https://mt.delivery/single?id=208760
Фрукты,Слива,182.00,745.84,08/26/2022,https://mt.delivery/single?id=228794
Фрукты,Яблоко Вильямс,110.00,220.00,08/26/2022,https://mt.delivery/single?id=231660
Фрукты,Виноград,143.00,407.26,08/26/2022,https://mt.delivery/single?id=227990
Орехи и сухофрукты,Арахис 150г,71.00,426.00,08/26/2022,https://mt.delivery/single?id=208762
"Чистящие средства для полов, окон, посуды","Жидкое моющее средство для посуды Биолан
                                        Бальзам с Алоэ Вера 450мл",61.00,61.00,08/26/2022,https://mt.delivery/single?id=5971
Хозтовары,"Пленка пищевая на гильзе ТМ ""Фрекен БОК""
                                        50м",128.00,128.00,08/26/2022,https://mt.delivery/single?id=32724
"Сахар,соль,сода",Соль морская пищевая Марко Поло 1 кг,42.00,42.00,08/26/2022,https://mt.delivery/single?id=202432
"Сахар,соль,сода",Сахар Крупинка 800г,96.00,96.00,08/26/2022,https://mt.delivery/single?id=211196
Растительное масло,"Масло подсолнечно-кукурузное Донской
                                        маслодел 5 л",830.00,830.00,08/26/2022,https://mt.delivery/single?id=211135
Сухие завтраки,Мюсли Matti С бананом и шоколадом 250г,125.00,250.00,08/26/2022,https://mt.delivery/single?id=202149
"Соусы, уксусы","Sen Soy Соевый соус Классический 0,5л",109.00,109.00,08/26/2022,https://mt.delivery/single?id=211312
Чай рассыпной,"Чай зеленый листовой Greenfield Jasmine
                                        Dream 100 шт",141.00,141.00,08/26/2022,https://mt.delivery/single?id=3625
"Чизкейки, пироги","Арахисовый крамбл со сливочным кремом и
                                        брусникой ТМ Betty’s cake 140г",160.00,160.00,08/26/2022,https://mt.delivery/single?id=217399
Свинина,"Свиной окорок Мясная лига, цена за кг",339.00,355.95,08/26/2022,https://mt.delivery/single?id=16841
Безалкогольное вино,"Вино Peter Mertes белое сухое EnjOy it
                                        Chardonnay безалкогольное 750 мл",335.40,1341.60,08/26/2022,https://mt.delivery/single?id=79975
Замороженные рыбные блюда,"Горбуша мини-филе в панировке CrossFish
                                        240г",236.00,236.00,08/26/2022,https://mt.delivery/single?id=209158
Лапша,"Лапша Доширак Чан Рамен с куриным
                                        бульоном 120г",46.00,92.00,08/26/2022,https://mt.delivery/single?id=78837
Лапша,"Лапша Доширак Чан Рамён Black Pasta
                                        быстрого приготовления 120г",68.00,68.00,08/26/2022,https://mt.delivery/single?id=193326
Вафельный стакан,"Мороженое шербет «Джуманго» с ароматом
                                        банана и манго, 90г",75.00,150.00,08/26/2022,https://mt.delivery/single?id=226028
Хозтовары,"Фольга алюминиевая ТМ ""Фрекен БОК"" 10 м",181.00,181.00,08/26/2022,https://mt.delivery/single?id=32748
Овощи,Чеснок,174.00,394.98,07/08/2022,https://mt.delivery/single?id=214956
Чай пакетированный,"Чай зеленый пакетированный Ahmad Tea
                                        Мята-Мелиса 25шт",129.00,129.00,07/08/2022,https://mt.delivery/single?id=190133
Специи приправы,Лимонная кислота Эталон 200г,165.00,165.00,07/08/2022,https://mt.delivery/single?id=208711
Соусы,"Соус майонезный Васаби 25% ТМ Махеевъ
                                        200г",75.00,75.00,07/08/2022,https://mt.delivery/single?id=208735
Освежители воздуха,"Ароматическое саше Лимонная свежесть ТМ
                                        Ghirton 15 г",53.00,106.00,07/08/2022,https://mt.delivery/single?id=21103
Освежители воздуха,"Ароматическое саше Солнечное настроение
                                        ТМ Ghirton 15 г",87.00,87.00,07/08/2022,https://mt.delivery/single?id=21105
Для выпечки и запекания,Дрожжи сухие ТМ Саф-Левюр 50 г,37.00,37.00,07/08/2022,https://mt.delivery/single?id=218701
Освежители воздуха,"Водный освежитель воздуха Альпийская
                                        Долина ТМ ""Chirton"" 400мл",128.00,128.00,07/08/2022,https://mt.delivery/single?id=6073
Освежители воздуха,"Водный освежитель воздуха Морское
                                        Дыхание ТМ ""Chirton"" 400мл",128.00,128.00,07/08/2022,https://mt.delivery/single?id=6078
Специи приправы,Орегано (Душица) измельченный KOTANYI 8г,54.00,54.00,07/08/2022,https://mt.delivery/single?id=79205
Газированные напитки,"Напиток сильногазированный Кола Айс 1,5
                                        л",53.00,53.00,07/08/2022,https://mt.delivery/single?id=216836
Специи приправы,Паприка сладкая ORIENT 15г,28.00,28.00,07/08/2022,https://mt.delivery/single?id=79254
Освежители воздуха,"Водный освежитель воздуха После Дождя ТМ
                                        ""Chirton"" 400мл",128.00,128.00,07/08/2022,https://mt.delivery/single?id=6080
Консервированные овощи,Фасоль красная натуральная Bocado 400г,68.00,136.00,07/08/2022,https://mt.delivery/single?id=8842
"Макароны, паста, вермишель",Макароны длинные ТМ Урожай 450г,32.00,64.00,07/08/2022,https://mt.delivery/single?id=212203
Сливки,"Сливки питьевые Молочный мир
                                        стерилизованные 33% 0,5кг",202.00,404.00,07/08/2022,https://mt.delivery/single?id=198459
Специи приправы,Красный перец Чили молотый МакМай 15г,14.00,28.00,07/08/2022,https://mt.delivery/single?id=71067
Хозтовары,"Пленка пищевая стрейч на гильзе Фрекен
                                        БОК 20 м",77.00,154.00,07/08/2022,https://mt.delivery/single?id=32726
Хозтовары,Пленка пищевая Бонус 20м,79.00,158.00,07/08/2022,https://mt.delivery/single?id=32636
Для выпечки и запекания,Крахмал 150г,41.00,82.00,07/08/2022,https://mt.delivery/single?id=208707
Мягкие сыры,"Сыр Фета Свежа ТМ Савушкин продукт 45%
                                        200г",166.00,498.00,07/08/2022,https://mt.delivery/single?id=213152
Специи приправы,Сельдерей сушеный Мастер Дак 5г,5.00,15.00,07/08/2022,https://mt.delivery/single?id=8795
"Скатерть, полотенца, пледы","Салфетка махровая гладкокрашеная Размер:
                                        30х30 (Апельсин)",68.00,68.00,07/08/2022,https://mt.delivery/single?id=19982
"Скатерть, полотенца, пледы","Салфетка махровая гладкокрашеная Размер:
                                        30х30 (Насыщенная сирень)",68.00,68.00,07/08/2022,https://mt.delivery/single?id=22141
"Скатерть, полотенца, пледы","Салфетка махровая гладкокрашеная Размер:
                                        30х30 (Голубой)",68.00,68.00,07/08/2022,https://mt.delivery/single?id=19980
"Скатерть, полотенца, пледы","Салфетка махровая гладкокрашеная Размер:
                                        30х30 (Фуксия)",68.00,68.00,07/08/2022,https://mt.delivery/single?id=19987
"Скатерть, полотенца, пледы","Полотенце вафельное гладкокрашеное 35х75
                                        (706-Ярко-синий)",149.00,149.00,07/08/2022,https://mt.delivery/single?id=21971
"Оливки, маслины","Оливки с косточкой Maestro de Oliva 200
                                        гр",53.01,265.05,07/08/2022,https://mt.delivery/single?id=27580
Овощи,Капуста краснокачанная,51.00,241.33,07/08/2022,https://mt.delivery/single?id=225890
Овощи,Помидор,88.00,428.38,07/08/2022,https://mt.delivery/single?id=213275
Молоко,"Молоко ТМ Добрыня пастеризованое 2,5%
                                        900г",63.00,315.00,07/08/2022,https://mt.delivery/single?id=204435
"Сухари, соломка, квас","Сухари панировочные «Енакиевский
                                        хлебозавод» 350 г",24.00,120.00,07/08/2022,https://mt.delivery/single?id=80844
Консервированные овощи,"Кукуруза сахарная консервированная
                                        Bocado 400г",81.00,405.00,07/08/2022,https://mt.delivery/single?id=26366
Майонезы,"Майонез Провансаль Легкий 30% МакМай
                                        180г",34.00,170.00,07/08/2022,https://mt.delivery/single?id=25969
Овощи,Кабачок (импорт),52.00,257.09,07/08/2022,https://mt.delivery/single?id=219169
Овощи,Огурец колючка,63.00,314.87,07/08/2022,https://mt.delivery/single?id=209394
Фрукты,Лимон,260.00,268.84,07/08/2022,https://mt.delivery/single?id=208760
Овощи,Лук репчатый (молодой),47.00,470.00,07/08/2022,https://mt.delivery/single?id=203685
Хозтовары,"Пакеты для мусора ""Эконом"" ТМ ""Бонус"" 30
                                        л 20 шт",38.00,380.00,07/08/2022,https://mt.delivery/single?id=32645
Для выпечки и запекания,"Дрожжи быстродействующие сухие ТМ
                                        Домашнее бистро 11 г",13.00,130.00,07/08/2022,https://mt.delivery/single?id=218698
Овощи,Картофель Молодой,45.00,450.00,07/08/2022,https://mt.delivery/single?id=218069
Овощи,Свекла,43.00,430.00,07/08/2022,https://mt.delivery/single?id=203877
Овощи,Морковь,48.00,480.00,07/08/2022,https://mt.delivery/single?id=203684
Мясо птицы,"Тушка цыпленка-бройлера 1,8 кг ПФ Дружба
                                        Белорусь потрошенная 1 сорт замороженная",243.00,1552.77,07/08/2022,https://mt.delivery/single?id=16815
"Джемы, фрукты консервированные",Джем ТМ Махеевъ Персик и Манго 300г,111.00,111.00,06/25/2022,https://mt.delivery/single?id=208694
"Джемы, фрукты консервированные",Джем ТМ Махеевъ Груша-Банан ваниль 300г,111.00,222.00,06/25/2022,https://mt.delivery/single?id=208665
"Джемы, фрукты консервированные",Джем ТМ Махеевъ Инжир 300г,111.00,333.00,06/25/2022,https://mt.delivery/single?id=208666
"Мёд, урбеч",Мёд Майский Берестов А.С. 200г,247.00,247.00,06/25/2022,https://mt.delivery/single?id=198801
"Мёд, урбеч",Мёд Липовый Берестов А.С. 240г,272.00,272.00,06/25/2022,https://mt.delivery/single?id=198803
Масло,"Масло Крестьянское Гост Премиум 72,5%
                                        180г",122.00,488.00,06/25/2022,https://mt.delivery/single?id=199082
Растительное масло,"Масло подсолнечное ""Благо"" 1л с
                                        добавлением кукурузного рафинированное
                                        дезодорированное",205.00,205.00,06/25/2022,https://mt.delivery/single?id=210274
Кофе растворимый,"Кофе растворимый сублимированный ЖОКЕЙ
                                        Триумф 450 г",849.00,1698.00,06/25/2022,https://mt.delivery/single?id=18415
Хозтовары,"Губки ""Оптима"" ТМ ""Бонус"" 10 шт",53.00,106.00,06/25/2022,https://mt.delivery/single?id=32622
Хозтовары,"Губки кухонные ""Норма"" ТМ ""Бонус"" 10 шт",64.00,128.00,06/25/2022,https://mt.delivery/single?id=32621
Хозтовары,"Губки кухонные с волнистой поверхностью
                                        ТМ Фрекен БОК Максима BLACK 5шт",90.00,180.00,06/25/2022,https://mt.delivery/single?id=71154
"Отбеливатели, пятновыводители","Отбеливающее средство ""Белизна-МилаМ""
                                        хлор 40% 1000 мл",71.00,71.00,06/25/2022,https://mt.delivery/single?id=6818
"Чистящие средства для полов, окон, посуды","Жидкое моющее средство для посуды AOS
                                        Ultra Green 450мл",117.00,117.00,06/25/2022,https://mt.delivery/single?id=25112
Чистящие средства для ванн и туалетов,"Гель для чистки туалета Яблоко ТМ
                                        ""Chirton"" 750мл",149.00,149.00,06/25/2022,https://mt.delivery/single?id=26107
Мыло жидкое и твёрдое,"Мыло хозяйственное 72% (без упаковки)
                                        200 г",44.00,88.00,06/25/2022,https://mt.delivery/single?id=14247
"Зубные пасты, щетки, ополаскиватели","Зубная паста ""Мятная"" (Освежающая мята)
                                        100 г",38.00,114.00,06/25/2022,https://mt.delivery/single?id=211691
"Зубные пасты, щетки, ополаскиватели","Зубная щетка Oral-B Чистота, свежесть,
                                        сила средней жесткости 1шт",95.00,95.00,06/25/2022,https://mt.delivery/single?id=5676
Хозтовары,"Cкребок стальной кухонный ТМ ""Фрекен
                                        БОК"" 1 шт",55.00,550.00,06/25/2022,https://mt.delivery/single?id=32744
Газированные напитки,"Коктейль безалкогольный газированный
                                        Fresh Bar Pina Colada 0,48л",45.00,45.00,06/25/2022,https://mt.delivery/single?id=20836
Семейное мороженое,"Крем-брюле ТМ Коровка из Кореновки 1000
                                        г",421.00,421.00,06/25/2022,https://mt.delivery/single?id=224398
"Рулеты, бисквиты, кексы","Рулет со Вкусом Клубники со Сливками
                                        Русский Бисквит 175г",67.00,134.00,06/25/2022,https://mt.delivery/single?id=198838
"Рулеты, бисквиты, кексы","Рулет с Вареной Сгущенкой Русский
                                        Бисквит 175г",67.00,134.00,06/25/2022,https://mt.delivery/single?id=198836
Шоколад,Шоколад Бабаевский элитный 75% 200г,160.00,960.00,06/25/2022,https://mt.delivery/single?id=161234
"Печенье, вафли",Печенье Мария,176.00,528.00,06/25/2022,https://mt.delivery/single?id=42168
Консервированные овощи,Огурцы маринованные Bocado 680г,152.00,608.00,06/25/2022,https://mt.delivery/single?id=8642
Мясные консервы,Тушенка Смоленская из свинины 325г,107.00,2140.00,06/25/2022,https://mt.delivery/single?id=81010
Рыбные консервы,"Горбуша натуральная с пряностями ТМ
                                        ""Сохраним традиции"" 240г",159.00,795.00,06/25/2022,https://mt.delivery/single?id=199345
Крупы,Крупа пшено 900г,45.00,90.00,06/25/2022,https://mt.delivery/single?id=202586
Крупы,Рис круглый шлифованный 900г,90.00,360.00,06/25/2022,https://mt.delivery/single?id=8777
"Туалетная бумага, бумажные салфетки и
                                      полотенца","Бумажные полотенца 2-х слойные белые с
                                        рисунком кофе Best Clean 2 рулона",89.00,89.00,06/25/2022,https://mt.delivery/single?id=214791
Молоко,"Молоко ТМ Добрыня ультрапастеризованное
                                        2,5% 900г",91.00,546.00,06/25/2022,https://mt.delivery/single?id=211673
Твердые сыры,"Сыр Гауда беловежская ТМ Беловежские
                                        сыры 50% 200г",145.00,1450.00,06/25/2022,https://mt.delivery/single?id=205290
Специи приправы,Чеснок измельченный KOTANYI 28г,54.00,108.00,06/25/2022,https://mt.delivery/single?id=79197
Специи приправы,Приправа Томаты Чеснок KOTANYI 20г,71.00,213.00,06/25/2022,https://mt.delivery/single?id=79203
Уксус бальзамический,Уксус Bocado 9% 900г,50.00,50.00,06/25/2022,https://mt.delivery/single?id=8829
Креветки и морепродукты,Крабовые палочки ТМ Санта Бремор 200г,98.00,294.00,06/25/2022,https://mt.delivery/single?id=205398
Фарш,"Фарш куриный Натуральный замороженный
                                        500г",93.00,930.00,06/25/2022,https://mt.delivery/single?id=204702
Сосиски и сардельки,"Сардельки Богатырские ТМ ""Колбико"" 600 г",622.00,368.85,06/25/2022,https://mt.delivery/single?id=80916
"Сахар,соль,сода",Соль морская пищевая Марко Поло 1 кг,37.00,37.00,06/25/2022,https://mt.delivery/single?id=202649
Специи приправы,"Перец красный молотый ""Чили"" Мастер Дак
                                        10г",5.00,5.00,06/25/2022,https://mt.delivery/single?id=8679
Специи приправы,Черный перец горошек ORIENT 10г,34.00,34.00,06/25/2022,https://mt.delivery/single?id=79257
Специи приправы,Перец душистый горошек Мастер Дак 10г,14.00,14.00,06/25/2022,https://mt.delivery/single?id=8675
Специи приправы,Лавровый лист целый сушеный KOTANYI 5г,54.00,54.00,06/25/2022,https://mt.delivery/single?id=79201
Освежители воздуха,"Освежитель воздуха Chirton (Чиртон)
                                        ""Грейпфрукт и Апельсин"" 300 мл",135.00,135.00,06/25/2022,https://mt.delivery/single?id=6799
Яйцо,Яйцо С-1,4.94,148.20,06/25/2022,https://mt.delivery/single?id=20963
"Шоколадные конфеты, батончики",Конфеты Арахис Карамель Изюм Sla Sti 45г,30.00,90.00,06/25/2022,https://mt.delivery/single?id=198845
"Леденцы, драже и жвачки",Леденцы Halls Оригинальный 25г,20.00,100.00,06/25/2022,https://mt.delivery/single?id=9118
Овощи,Морковь,66.00,330.00,06/25/2022,https://mt.delivery/single?id=203684
Овощи,Огурец колючка,59.00,290.16,06/25/2022,https://mt.delivery/single?id=209394
"Сахар,соль,сода",Сода пищевая 300гр,28.00,56.00,06/25/2022,https://mt.delivery/single?id=208716
Мясо птицы,"Желудки мышечные цыпленка-бройлера
                                        замороженные ТМ Благояр",168.00,907.20,06/25/2022,https://mt.delivery/single?id=204695
Сгущенное молоко,"Молоко цельное сгущенное 8,5% ТМ
                                        Рогачевъ 270г",140.00,1400.00,06/25/2022,https://mt.delivery/single?id=208228
Чай пакетированный,"Чай зеленый пакетированный Ahmad Tea
                                        Мята-Мелиса 25шт",129.00,129.00,06/25/2022,https://mt.delivery/single?id=190133
Овощи,Лук репчатый (молодой),47.00,470.00,06/25/2022,https://mt.delivery/single?id=203685
Пельмени и вареники,"Вареники с картофелем и печенью ТМ
                                        Геркулес 400г",105.00,210.00,06/25/2022,https://mt.delivery/single?id=206449
Овощи,Перец сладкий белозерка,142.00,76.40,06/25/2022,https://mt.delivery/single?id=225897
Овощи,Капуста цветная,55.00,254.87,06/25/2022,https://mt.delivery/single?id=206057
Овощи,Свекла,49.00,245.00,06/25/2022,https://mt.delivery/single?id=203877
Овощи,Капуста,40.00,218.88,06/25/2022,https://mt.delivery/single?id=217122
Овощи,Кабачок (импорт),56.00,281.57,06/25/2022,https://mt.delivery/single?id=219169
Овощи,Помидор,80.00,400.16,06/25/2022,https://mt.delivery/single?id=213275
Овощи,Картофель Молодой,45.00,450.00,06/25/2022,https://mt.delivery/single?id=218069
Фрукты,Яблоко Голден (55-65 рр),152.00,304.00,06/25/2022,https://mt.delivery/single?id=203687
Фрукты,Банан Эквадор,125.00,97.50,06/25/2022,https://mt.delivery/single?id=204715
Креветки и морепродукты,"Мясо крабовое замороженное имитация ТМ
                                        Санта Бремор 200г",98.00,686.00,06/25/2022,https://mt.delivery/single?id=205393
"Чистящие средства для полов, окон, посуды",Чистящее средство Биолан Антижир 400г,55.00,55.00,05/29/2022,https://mt.delivery/single?id=5973
"Чистящие средства для полов, окон, посуды","Гель-бальзам для мытья посуды ТМ
                                        ""Вестар"" с Ионами серебра 1000 мл",99.00,99.00,05/29/2022,https://mt.delivery/single?id=6112
Хозтовары,"Зубочистки деревянные ТМ Фрекен БОК
                                        150шт",53.00,53.00,05/29/2022,https://mt.delivery/single?id=32664
Хозтовары,"Cкребок стальной кухонный ТМ ""Фрекен
                                        БОК"" 1 шт",55.00,220.00,05/29/2022,https://mt.delivery/single?id=32744
Хозтовары,"Пакетики для хранения ТМ ""Фрекен БОК""
                                        100шт",88.00,88.00,05/29/2022,https://mt.delivery/single?id=32701
Хозтовары,Свеча хозяйственная 40гр.,37.00,148.00,05/29/2022,https://mt.delivery/single?id=213635
Хозтовары,"Пакет для мусора Фрекен БОК 50*60, 35
                                        л/30 шт",77.00,77.00,05/29/2022,https://mt.delivery/single?id=32679
Хозтовары,"Губки ""Оптима"" ТМ ""Бонус"" 10 шт",53.00,53.00,05/29/2022,https://mt.delivery/single?id=32622
Хозтовары,"Пакет для мусора ТМ ""Фрекен БОК"" 45*50,
                                        синий, 20 л 30 шт",60.00,60.00,05/29/2022,https://mt.delivery/single?id=32684
Хозтовары,"Перчатки хозяйственные
                                        суперчувствительные ТМ ""Фрекен БОК""
                                        Размер: M",128.00,128.00,05/29/2022,https://mt.delivery/single?id=32722
Чистящие средства для ванн и туалетов,"Чистящий кубик для унитаза Морской
                                        Прибой2Х50гр",72.00,72.00,05/29/2022,https://mt.delivery/single?id=27589
Дезодоранты,"Дезодорант для мужчин Garnier Mineral
                                        Спорт (спрей) 150мл",242.00,242.00,05/29/2022,https://mt.delivery/single?id=24502
Пельмени и вареники,"Пельмени Домашние свино-говяжьи ТМ
                                        Мираторг 800г",277.00,277.00,05/29/2022,https://mt.delivery/single?id=203546
Пельмени и вареники,Пельмени Деревенские ТМ Мираторг 800г,378.00,378.00,05/29/2022,https://mt.delivery/single?id=203541
"Рулеты, бисквиты, кексы","Мини Рулет со Вкусом Клубники со
                                        Сливками Русский Бисквит 175г",94.00,470.00,05/29/2022,https://mt.delivery/single?id=198829
Специи приправы,Имбирь молотый Мастер Дак 10г,7.00,14.00,05/23/2022,https://mt.delivery/single?id=8495
Специи приправы,Корица молотая Мастер Дак 10г,11.00,22.00,05/23/2022,https://mt.delivery/single?id=8542
Специи приправы,Гвоздика цельная Мастер Дак 10г,29.00,29.00,05/23/2022,https://mt.delivery/single?id=26101
Кофе растворимый,"Кофе растворимый сублимированный ЖОКЕЙ
                                        Триумф 450 г",849.00,849.00,05/23/2022,https://mt.delivery/single?id=18415
Для выпечки и запекания,Какао кондитерский Эталон 160г,85.00,85.00,05/23/2022,https://mt.delivery/single?id=208671
Чай пакетированный,"Чай травяной пакетированный Greenfield
                                        Camomile Medow 25 шт",102.00,204.00,05/23/2022,https://mt.delivery/single?id=3630
Мясные консервы,"Говядина тушеная Богатырская по
                                        старорусски Семейный бюджет 500г",154.00,1540.00,05/23/2022,https://mt.delivery/single?id=8518
"Джемы, фрукты консервированные",Джем ТМ Махеевъ Сливовый 300г,112.00,112.00,05/23/2022,https://mt.delivery/single?id=208695
"Джемы, фрукты консервированные",Джем ТМ Махеевъ Персик и Манго 300г,112.00,112.00,05/23/2022,https://mt.delivery/single?id=208694
"Джемы, фрукты консервированные",Джем ТМ Махеевъ Груша-Банан ваниль 300г,112.00,112.00,05/23/2022,https://mt.delivery/single?id=208665
Консервированные овощи,"Кукуруза сахарная в зернах ГОСТ ТМ
                                        Bocado 400г",90.00,90.00,05/23/2022,https://mt.delivery/single?id=198544
Рыбные консервы,"Килька балтийская неразделанная в
                                        томатном соусе ГОСТ 240г ТМ Сохраним
                                        Традиции",61.88,247.52,05/23/2022,https://mt.delivery/single?id=78361
Сгущенное молоко,"Молоко цельное сгущенное Семейный бюджет
                                        380г",117.80,235.60,05/23/2022,https://mt.delivery/single?id=8632
Орехи и сухофрукты,Изюм золотистый 150г,89.00,356.00,05/23/2022,https://mt.delivery/single?id=208765
Гели для душа,"Гель для душа ""Тигровая Орхидея"" ТМ
                                        ""Вестар"" 500 мл",86.00,86.00,05/23/2022,https://mt.delivery/single?id=6084
Мыло жидкое и твёрдое,"Жидкое крем-мыло ""Амаретто-Ваниль"" ТМ
                                        ""Вестар"" 500 мл",82.00,82.00,05/23/2022,https://mt.delivery/single?id=6187
"Туалетная бумага, бумажные салфетки и
                                      полотенца",Туалетная бумага Primo 55,26.00,104.00,05/23/2022,https://mt.delivery/single?id=14285
Замороженные фрукты и фруктовые смеси,Облепиха ТМ Планета Витаминов 300г,138.00,138.00,05/23/2022,https://mt.delivery/single?id=217387
"Замороженные овощи, овощные смеси и блюда",Фасоль стручковая резаная 1000г /гоф10/,362.00,362.00,05/23/2022,https://mt.delivery/single?id=27422
"Замороженные овощи, овощные смеси и блюда",Кукуруза в зернах Морозко Green 400г,207.00,207.00,05/23/2022,https://mt.delivery/single?id=161183
"Замороженные овощи, овощные смеси и блюда",Горошек зеленый Морозко Green 400г,139.00,139.00,05/23/2022,https://mt.delivery/single?id=30846
"Печенье, вафли","Печенье Мария Балаковский кондитер
                                        весовое",176.00,352.00,05/23/2022,https://mt.delivery/single?id=9179
"Леденцы, драже и жвачки",Леденцы Halls Ментол Экстра 24г,20.00,20.00,05/23/2022,https://mt.delivery/single?id=9117
"Леденцы, драже и жвачки",Леденцы Halls Кола 25г,20.00,20.00,05/23/2022,https://mt.delivery/single?id=34690
Шоколад,Шоколад Бабаевский элитный 75% 200г,168.00,1008.00,05/23/2022,https://mt.delivery/single?id=161234
Кофе молотый,"Кофе жареный, молотый для турки JACOBS
                                        MONARCH 200г",206.00,206.00,05/23/2022,https://mt.delivery/single?id=29409
Кофе молотый,"Кофе молотый жареный для турки ЖОКЕЙ 200
                                        г",232.00,232.00,05/23/2022,https://mt.delivery/single?id=15734
Соленья,Свекла по-корейски ТМ Мир 250г,63.00,252.00,05/23/2022,https://mt.delivery/single?id=209292
Соленья,"Морковь по-корейски с грибами ТМ Мир
                                        250г",75.00,300.00,05/23/2022,https://mt.delivery/single?id=209281
Соленья,Капуста квашеная ТМ Мир 250г,75.00,600.00,05/23/2022,https://mt.delivery/single?id=209279
Сметана,Сметана ТМ Добрыня 20% 450г,110.00,220.00,05/23/2022,https://mt.delivery/single?id=204471
Йогурты и молочные коктейли,"Йогурт ТМ Добрыня ананас 2,5% 450г",69.00,69.00,05/23/2022,https://mt.delivery/single?id=204424
Мясо птицы,"Печень цыпленка-бройлера замороженная
                                        900 гТМ Благояр",239.00,430.20,05/23/2022,https://mt.delivery/single?id=204696
Пельмени и вареники,Пельмени Мясные ТМ Мираторг 800г,452.00,452.00,05/23/2022,https://mt.delivery/single?id=203542
Соусы,"Паста томатная концентрированная
                                        ""Домашняя"" МакМай 270г",63.00,252.00,05/23/2022,https://mt.delivery/single?id=25991
Крупы,Крупа манная Крупинка 800г,42.00,168.00,05/23/2022,https://mt.delivery/single?id=211177
Крупы,Крупа гречневая Крупинка 800г,132.00,396.00,05/23/2022,https://mt.delivery/single?id=211176
Чай пакетированный,"Чай травяной пакетированный Greenfield
                                        Summer Bouquet 100 шт",344.00,344.00,05/23/2022,https://mt.delivery/single?id=3669
Шоколад,"Шоколад темный Alpen Gold Dark с
                                        миндалем и изюмом 80г",83.00,332.00,05/23/2022,https://mt.delivery/single?id=196403
"Мёд, урбеч",Мёд с Прополисом Берестов А.С. 240г,303.00,303.00,05/23/2022,https://mt.delivery/single?id=198805
"Мармелад, зефир, щербет, халва, сахарная
                                      вата",Мармелад Желейный Лимон АКФ 300г,98.00,98.00,05/23/2022,https://mt.delivery/single?id=198797
"Мармелад, зефир, щербет, халва, сахарная
                                      вата",Зефир Со вкусом Манго Sla Sti 180г,139.00,139.00,05/23/2022,https://mt.delivery/single?id=198767
"Рулеты, бисквиты, кексы","Маффин Мини Ягодное Ассорти Русский
                                        Бисквит 200г",97.00,194.00,05/23/2022,https://mt.delivery/single?id=198826
Соусы,"Паста томатная ""Иранская"" 25% от ТМ ""Шеф
                                        Соус"" 500 г",120.65,120.65,04/29/2022,https://mt.delivery/single?id=69457
Чай пакетированный,"Чай пакетированный черный ШАХ Голд Лимон
                                        25 шт",56.12,112.24,04/29/2022,https://mt.delivery/single?id=14823
Чай пакетированный,Фиточай Каркаде Суданская роза 20пак,31.50,63.00,04/29/2022,https://mt.delivery/single?id=190965
Шоколад,Шоколад горький Alpen Gold 80г,80.51,322.04,04/29/2022,https://mt.delivery/single?id=56760
Молоко,"Молоко ТМ Добрыня ультрапастеризованное
                                        2,5% 900г",90.00,360.00,04/29/2022,https://mt.delivery/single?id=211673
Кофе растворимый,"Кофе растворимый сублимированный JARDIN
                                        COLOMBIA MEDELLIN 150 г",383.00,766.00,04/29/2022,https://mt.delivery/single?id=9556
Чай пакетированный,"Чай зеленый пакетированный без ярлычков
                                        Ahmad Tea ""Chinese Green Tea"" 40 шт",97.85,293.55,04/29/2022,https://mt.delivery/single?id=20782
Консервированные овощи,Огурчики маринованные Еко 680г,125.55,502.20,04/29/2022,https://mt.delivery/single?id=8643
"Шоколадные конфеты, батончики",Конфеты Рот Фронт Бабаевская белочка,725.56,725.56,04/29/2022,https://mt.delivery/single?id=79639
"Мёд, урбеч",Урбеч льняной ТМ Kuban Exclusive 250 мл,189.00,189.00,04/29/2022,https://mt.delivery/single?id=214689
"Мёд, урбеч",Мёд с Прополисом Берестов А.С. 240г,303.00,303.00,04/29/2022,https://mt.delivery/single?id=198805
"Соусы, уксусы","Sen Soy Соевый соус Классический 0,5л",93.00,372.00,04/29/2022,https://mt.delivery/single?id=211312
Твердые сыры,Сыр Гауда Золото Полесья 48% 200г,174.00,1740.00,04/29/2022,https://mt.delivery/single?id=198425
Мука и мучные смеси,"Мука пшеничная хлебопекарная высший сорт
                                        ТМ Урожай 2кг",54.00,54.00,04/29/2022,https://mt.delivery/single?id=212247
Овощи,Лук репчатый (молодой),50.00,100.00,04/29/2022,https://mt.delivery/single?id=203685
Овощи,Морковь,72.00,144.00,04/29/2022,https://mt.delivery/single?id=203684
Овощи,Картофель,70.00,420.00,04/29/2022,https://mt.delivery/single?id=203682
Овощи,Капуста,108.00,166.97,04/29/2022,https://mt.delivery/single?id=203891
Овощи,Чеснок,375.00,104.25,04/29/2022,https://mt.delivery/single?id=214956
Овощи,Свекла,74.00,74.00,04/29/2022,https://mt.delivery/single?id=203877
Соленья,Капуста квашеная ТМ Мир 250г,75.00,300.00,04/29/2022,https://mt.delivery/single?id=209279
Соленья,Морская капуста с грибами ТМ Мир 250г,75.00,300.00,04/29/2022,https://mt.delivery/single?id=209282
"Семечки, орешки",Семена тыквы жареные ТМ Крутой Окер 80г,89.00,356.00,04/29/2022,https://mt.delivery/single?id=211583
"Семечки, орешки","Семена подсолнечника жареные полосатые
                                        ТМ Крутой Окер 70г",46.00,368.00,04/29/2022,https://mt.delivery/single?id=211579
Масло,"Масло сладко-сливочное несоленое ТМ
                                        Брест-Литовск 82,5% 180г",202.00,606.00,04/29/2022,https://mt.delivery/single?id=213124
Чай пакетированный,"Чай травяной пакетированный Greenfield
                                        Summer Bouquet 100 шт",344.00,344.00,04/29/2022,https://mt.delivery/single?id=3669
Крупы,Отруби ТМ Мистраль Овсяные 400г,146.00,584.00,04/29/2022,https://mt.delivery/single?id=210494
Крупы,Крупа манная Крупинка 800г,42.00,42.00,04/29/2022,https://mt.delivery/single?id=211177
Крупы,Крупа перловая Крупинка 800г,49.00,98.00,04/29/2022,https://mt.delivery/single?id=211178
Крупы,Крупа гречневая Крупинка 800г,132.00,528.00,04/29/2022,https://mt.delivery/single?id=211176
Крупы,Хлопья овсяные Крупинка 400г,34.00,136.00,04/29/2022,https://mt.delivery/single?id=211197
Фарш,"Фарш куриный Натуральный замороженный
                                        500г",99.00,792.00,04/29/2022,https://mt.delivery/single?id=204702
Фарш,"Фарш свиной Традиционный ТМ Мираторг
                                        500г",139.00,278.00,04/29/2022,https://mt.delivery/single?id=203556
Растительное масло,"Масло подсолнечное рафинированное
                                        дезодорированное с добавлением масла
                                        рапсового ТМ Дары Кубани 1л",223.00,223.00,04/29/2022,https://mt.delivery/single?id=197200
Феникс,"Феникс 200 скретч-карта пополнения счета
                                        моб",220.00,220.00,04/29/2022,https://mt.delivery/single?id=123164
Пельмени и вареники,"Пельмени Домашние свино-говяжьи ТМ
                                        Мираторг 800г",281.00,281.00,04/29/2022,https://mt.delivery/single?id=203546
Специи приправы,Имбирь молотый Мастер Дак 10г,7.00,7.00,04/29/2022,https://mt.delivery/single?id=8495
Специи приправы,Перец черный молотый Мастер Дак 100г,37.00,37.00,04/29/2022,https://mt.delivery/single?id=8690
Специи приправы,Корица молотая Мастер Дак 10г,11.00,11.00,04/29/2022,https://mt.delivery/single?id=8542
Кофе молотый,"Кофе молотый жареный премиум JARDIN
                                        BRAVO BRAZILIA 250 г",485.00,485.00,04/29/2022,https://mt.delivery/single?id=3694
Творог,Творог Коровка из Кореновки 5% 180г,73.87,147.74,04/29/2022,https://mt.delivery/single?id=203376
Творог,Творог ТМ Добрыня 9% 300г,174.00,174.00,04/29/2022,https://mt.delivery/single?id=204476
Творог,Творог Чабан 5% 180г,81.00,81.00,04/29/2022,https://mt.delivery/single?id=203430
Творог,"Творог Деревенский Бабушкина крынка 5%
                                        400г",169.00,676.00,04/29/2022,https://mt.delivery/single?id=198546
Кефир,"Кефир Тёлочка 2,5 % 900г",72.00,288.00,04/29/2022,https://mt.delivery/single?id=199067
